ID,Name,Phonetic_TTS
1,Bulbasaur,BUL-buh-sore
2,Ivysaur,EYE-vee-sore
3,Venusaur,VEE-nuh-sore
4,Charmander,CHAR-man-der
5,Charmeleon,char-MEE-lee-un
6,Charizard,CHAR-ih-zard
7,Squirtle,SKWER-tul
8,Wartortle,WAR-tor-tul
9,Blastoise,BLAS-toys
10,Caterpie,CA-TE-RPIE
11,Metapod,ME-TA-POD
12,Butterfree,BU-TTE-RFREE
13,Weedle,WEE-DLE
14,Kakuna,KA-KU-NA
15,Beedrill,BEE-DRILL
16,Pidgey,PI-DGEY
17,Pidgeotto,PI-DGEO-TTO
18,Pidgeot,PI-DGEOT
19,Rattata,RA-TTA-TA
20,Raticate,RA-TI-CA-TE
21,Spearow,SPEA-ROW
22,Fearow,FEA-ROW
23,Ekans,EKANS
24,Arbok,AR-BOK
25,Pikachu,PEE-kah-choo
26,Raichu,RYE-choo
27,Sandshrew,SA-NDS-HREW
28,Sandslash,SA-NDS-LASH
29,Nidoran-F,NEE-doh-ran female
30,Nidorina,NI-DO-RI-NA
31,Nidoqueen,NI-DO-QUEEN
32,Nidoran-M,NEE-doh-ran male
33,Nidorino,NI-DO-RI-NO
34,Nidoking,NI-DO-KING
35,Clefairy,CLE-FAI-RY
36,Clefable,CLE-FA-BLE
37,Vulpix,VUL-piks
38,Ninetales,NINE-tayls
39,Jigglypuff,JIG-lee-puf
40,Wigglytuff,WI-GGLY-TUFF
41,Zubat,ZU-BAT
42,Golbat,GO-LBAT
43,Oddish,ODDISH
44,Gloom,GLOOM
45,Vileplume,VI-LE-PLU-ME
46,Paras,PA-RAS
47,Parasect,PA-RA-SECT
48,Venonat,VE-NO-NAT
49,Venomoth,VE-NO-MOTH
50,Diglett,DI-GLETT
51,Dugtrio,DU-GTRIO
52,Meowth,mee-OWTH
53,Persian,PE-RSIAN
54,Psyduck,SIGH-duk
55,Golduck,GO-LDUCK
56,Mankey,MA-NKEY
57,Primeape,PRI-MEA-PE
58,Growlithe,GROW-lith
59,Arcanine,AR-kuh-nine
60,Poliwag,PO-LI-WAG
61,Poliwhirl,PO-LI-WHIRL
62,Poliwrath,PO-LI-WRATH
63,Abra,ABRA
64,Kadabra,KA-DA-BRA
65,Alakazam,AL-ah-kuh-zam
66,Machop,MA-CHOP
67,Machoke,MA-CHO-KE
68,Machamp,MA-CHAMP
69,Bellsprout,BE-LLS-PROUT
70,Weepinbell,WEE-PI-NBELL
71,Victreebel,VI-CTREE-BEL
72,Tentacool,TE-NTA-COOL
73,Tentacruel,TE-NTA-CRUEL
74,Geodude,GEO-DU-DE
75,Graveler,GRA-VE-LER
76,Golem,GO-LEM
77,Ponyta,poh-NEE-tah
78,Rapidash,RAP-ih-dash
79,Slowpoke,SLOH-pohk
80,Slowbro,SLO-WBRO
81,Magnemite,MA-GNE-MI-TE
82,Magneton,MA-GNE-TON
83,Farfetchd,FA-RFE-TCHD
84,Doduo,DO-DUO
85,Dodrio,DO-DRIO
86,Seel,SEEL
87,Dewgong,DE-WGONG
88,Grimer,GRI-MER
89,Muk,MUK
90,Shellder,SHE-LLDER
91,Cloyster,CLOY-STER
92,Gastly,GA-STLY
93,Haunter,HAU-NTER
94,Gengar,GEN-gar
95,Onix,ONIX
96,Drowzee,DRO-WZEE
97,Hypno,HY-PNO
98,Krabby,KRA-BBY
99,Kingler,KI-NGLER
100,Voltorb,VO-LTORB
101,Electrode,ELE-CTRO-DE
102,Exeggcute,EXE-GGCU-TE
103,Exeggutor,EXE-GGU-TOR
104,Cubone,CU-BO-NE
105,Marowak,MA-RO-WAK
106,Hitmonlee,HI-TMO-NLEE
107,Hitmonchan,HI-TMO-NCHAN
108,Lickitung,LI-CKI-TUNG
109,Koffing,KO-FFING
110,Weezing,WEE-ZING
111,Rhyhorn,RHY-HORN
112,Rhydon,RHY-DON
113,Chansey,CHA-NSEY
114,Tangela,TA-NGE-LA
115,Kangaskhan,KA-NGA-SKHAN
116,Horsea,HO-RSEA
117,Seadra,SEA-DRA
118,Goldeen,GO-LDEEN
119,Seaking,SEA-KING
120,Staryu,STA-RYU
121,Starmie,STA-RMIE
122,Mr-Mime,MR-MIME
123,Scyther,SCY-THER
124,Jynx,JYNX
125,Electabuzz,ELE-CTA-BUZZ
126,Magmar,MA-GMAR
127,Pinsir,PI-NSIR
128,Tauros,TAU-ROS
129,Magikarp,MA-GI-KARP
130,Gyarados,GARE-uh-dose
131,Lapras,LAP-ras
132,Ditto,DI-TTO
133,Eevee,EE-vee
134,Vaporeon,vay-POR-ee-un
135,Jolteon,JOL-tee-un
136,Flareon,FLAIR-ee-un
137,Porygon,POR-ee-gon
138,Omanyte,OMA-NY-TE
139,Omastar,OMA-STAR
140,Kabuto,KA-BU-TO
141,Kabutops,KA-BU-TOPS
142,Aerodactyl,air-oh-DAK-tul
143,Snorlax,SNOR-laks
144,Articuno,ar-tih-KOO-noh
145,Zapdos,ZAP-dose
146,Moltres,MOL-tres
147,Dratini,druh-TEE-nee
148,Dragonair,drag-un-AIR
149,Dragonite,DRAG-un-ite
150,Mewtwo,MYOO-too
151,Mew,MYOO
152,Chikorita,chik-uh-REE-tah
153,Bayleef,BAY-LEEF
154,Meganium,ME-GA-NIUM
155,Cyndaquil,SIN-duh-kwil
156,Quilava,QUI-LA-VA
157,Typhlosion,TY-PHLO-SION
158,Totodile,TOH-toh-dile
159,Croconaw,CRO-CO-NAW
160,Feraligatr,FE-RA-LI-GATR
161,Sentret,SE-NTRET
162,Furret,FU-RRET
163,Hoothoot,HOO-THOOT
164,Noctowl,NO-CTOWL
165,Ledyba,LE-DY-BA
166,Ledian,LE-DIAN
167,Spinarak,SPI-NA-RAK
168,Ariados,ARIA-DOS
169,Crobat,CRO-BAT
170,Chinchou,CHI-NCHOU
171,Lanturn,LA-NTURN
172,Pichu,PI-CHU
173,Cleffa,CLE-FFA
174,Igglybuff,IGG-LY-BUFF
175,Togepi,TOH-geh-pee
176,Togetic,TO-GE-TIC
177,Natu,NATU
178,Xatu,XATU
179,Mareep,muh-REEP
180,Flaaffy,FLAA-FFY
181,Ampharos,AM-PHA-ROS
182,Bellossom,BE-LLO-SSOM
183,Marill,MA-RILL
184,Azumarill,AZU-MA-RILL
185,Sudowoodo,soo-doh-WOO-doh
186,Politoed,PO-LI-TOED
187,Hoppip,HO-PPIP
188,Skiploom,SKI-PLOOM
189,Jumpluff,JU-MPLUFF
190,Aipom,AI-POM
191,Sunkern,SU-NKERN
192,Sunflora,SU-NFLO-RA
193,Yanma,YA-NMA
194,Wooper,WOO-PER
195,Quagsire,QUA-GSI-RE
196,Espeon,ES-pee-un
197,Umbreon,UM-bree-un
198,Murkrow,MU-RKROW
199,Slowking,SLO-WKING
200,Misdreavus,MI-SDREA-VUS
201,Unown,UNOWN
202,Wobbuffet,WAH-buh-fet
203,Girafarig,GI-RA-FA-RIG
204,Pineco,PI-NE-CO
205,Forretress,FO-RRE-TRESS
206,Dunsparce,DU-NSPA-RCE
207,Gligar,GLI-GAR
208,Steelix,STEE-LIX
209,Snubbull,SNU-BBULL
210,Granbull,GRA-NBULL
211,Qwilfish,QWI-LFISH
212,Scizor,SIZE-or
213,Shuckle,SHU-CKLE
214,Heracross,HAIR-uh-kros
215,Sneasel,SNEA-SEL
216,Teddiursa,TE-DDIU-RSA
217,Ursaring,UR-SA-RING
218,Slugma,SLU-GMA
219,Magcargo,MA-GCA-RGO
220,Swinub,SWI-NUB
221,Piloswine,PI-LO-SWI-NE
222,Corsola,CO-RSO-LA
223,Remoraid,RE-MO-RAID
224,Octillery,OC-TI-LLE-RY
225,Delibird,DE-LI-BIRD
226,Mantine,MA-NTI-NE
227,Skarmory,SKAR-mor-ee
228,Houndour,HOU-NDOUR
229,Houndoom,HOWN-doom
230,Kingdra,KING-druh
231,Phanpy,PHA-NPY
232,Donphan,DO-NPHAN
233,Porygon2,PO-RY-GON2
234,Stantler,STA-NTLER
235,Smeargle,SMEA-RGLE
236,Tyrogue,TY-RO-GUE
237,Hitmontop,HI-TMO-NTOP
238,Smoochum,SMOO-CHUM
239,Elekid,ELE-KID
240,Magby,MA-GBY
241,Miltank,MI-LTANK
242,Blissey,BLI-SSEY
243,Raikou,RYE-koo
244,Entei,EN-tay
245,Suicune,SWEE-koon
246,Larvitar,LA-RVI-TAR
247,Pupitar,PU-PI-TAR
248,Tyranitar,tye-RAN-ih-tar
249,Lugia,LOO-gee-uh
250,Ho-Oh,HOH-oh
251,Celebi,SEL-eh-bee
252,Treecko,TREE-koh
253,Grovyle,GRO-VY-LE
254,Sceptile,SCE-PTI-LE
255,Torchic,TOR-chik
256,Combusken,CO-MBU-SKEN
257,Blaziken,BLA-ZI-KEN
258,Mudkip,MUD-kip
259,Marshtomp,MA-RSH-TOMP
260,Swampert,SWA-MPERT
261,Poochyena,POO-CHYE-NA
262,Mightyena,MI-GHTYE-NA
263,Zigzagoon,ZI-GZA-GOON
264,Linoone,LI-NOO-NE
265,Wurmple,WU-RMP-LE
266,Silcoon,SI-LCOON
267,Beautifly,BEAU-TI-FLY
268,Cascoon,CA-SCOON
269,Dustox,DU-STOX
270,Lotad,LO-TAD
271,Lombre,LO-MBRE
272,Ludicolo,LU-DI-CO-LO
273,Seedot,SEE-DOT
274,Nuzleaf,NU-ZLEAF
275,Shiftry,SHI-FTRY
276,Taillow,TAI-LLOW
277,Swellow,SWE-LLOW
278,Wingull,WI-NGULL
279,Pelipper,PE-LI-PPER
280,Ralts,RA-LTS
281,Kirlia,KI-RLIA
282,Gardevoir,GAR-deh-vwahr
283,Surskit,SU-RSKIT
284,Masquerain,MA-SQUE-RAIN
285,Shroomish,SHROO-MISH
286,Breloom,BRE-LOOM
287,Slakoth,SLA-KOTH
288,Vigoroth,VI-GO-ROTH
289,Slaking,SLA-KING
290,Nincada,NI-NCA-DA
291,Ninjask,NI-NJASK
292,Shedinja,sheh-DIN-juh
293,Whismur,WHI-SMUR
294,Loudred,LOU-DRED
295,Exploud,EX-PLOUD
296,Makuhita,MA-KU-HI-TA
297,Hariyama,HA-RIYA-MA
298,Azurill,AZU-RILL
299,Nosepass,NO-SE-PASS
300,Skitty,SKI-TTY
301,Delcatty,DE-LCA-TTY
302,Sableye,SAY-bul-eye
303,Mawile,MAW-wile
304,Aron,ARON
305,Lairon,LAI-RON
306,Aggron,AGG-RON
307,Meditite,ME-DI-TI-TE
308,Medicham,ME-DI-CHAM
309,Electrike,ELE-CTRI-KE
310,Manectric,MA-NE-CTRIC
311,Plusle,PLU-SLE
312,Minun,MI-NUN
313,Volbeat,VO-LBEAT
314,Illumise,ILLU-MI-SE
315,Roselia,RO-SE-LIA
316,Gulpin,GU-LPIN
317,Swalot,SWA-LOT
318,Carvanha,CA-RVA-NHA
319,Sharpedo,SHA-RPE-DO
320,Wailmer,WAI-LMER
321,Wailord,WAI-LORD
322,Numel,NU-MEL
323,Camerupt,CA-ME-RUPT
324,Torkoal,TO-RKOAL
325,Spoink,SPOINK
326,Grumpig,GRU-MPIG
327,Spinda,SPI-NDA
328,Trapinch,TRA-PI-NCH
329,Vibrava,VI-BRA-VA
330,Flygon,FLY-GON
331,Cacnea,CA-CNEA
332,Cacturne,CA-CTU-RNE
333,Swablu,SWA-BLU
334,Altaria,AL-TA-RIA
335,Zangoose,ZA-NGOO-SE
336,Seviper,SE-VI-PER
337,Lunatone,LU-NA-TO-NE
338,Solrock,SO-LROCK
339,Barboach,BA-RBOACH
340,Whiscash,WHI-SCASH
341,Corphish,CO-RPHISH
342,Crawdaunt,CRA-WDAUNT
343,Baltoy,BA-LTOY
344,Claydol,CLAY-DOL
345,Lileep,LI-LEEP
346,Cradily,CRA-DI-LY
347,Anorith,ANO-RITH
348,Armaldo,AR-MA-LDO
349,Feebas,FEE-BAS
350,Milotic,my-LAH-tik
351,Castform,CA-STFORM
352,Kecleon,KE-CLEON
353,Shuppet,SHU-PPET
354,Banette,BA-NE-TTE
355,Duskull,DU-SKULL
356,Dusclops,DU-SCLOPS
357,Tropius,TRO-PIUS
358,Chimecho,CHI-ME-CHO
359,Absol,AB-sol
360,Wynaut,WY-NAUT
361,Snorunt,SNO-RUNT
362,Glalie,GLA-LIE
363,Spheal,SPHEAL
364,Sealeo,SEA-LEO
365,Walrein,WA-LREIN
366,Clamperl,CLA-MPERL
367,Huntail,HU-NTAIL
368,Gorebyss,GO-RE-BYSS
369,Relicanth,RE-LI-CA-NTH
370,Luvdisc,LU-VDISC
371,Bagon,BA-GON
372,Shelgon,SHE-LGON
373,Salamence,SAL-uh-mens
374,Beldum,BE-LDUM
375,Metang,ME-TANG
376,Metagross,MET-uh-gros
377,Regirock,RE-GI-ROCK
378,Regice,RE-GI-CE
379,Registeel,RE-GI-STEEL
380,Latias,LAH-tee-as
381,Latios,LAH-tee-os
382,Kyogre,kye-OH-ger
383,Groudon,GROW-don
384,Rayquaza,ray-KWAY-zah
385,Jirachi,jih-RAH-chee
386,Deoxys-Normal,dee-OK-sis-NORMAL
387,Turtwig,TU-RTWIG
388,Grotle,GRO-TLE
389,Torterra,TO-RTE-RRA
390,Chimchar,CHI-MCHAR
391,Monferno,MO-NFE-RNO
392,Infernape,IN-FE-RNA-PE
393,Piplup,PI-PLUP
394,Prinplup,PRI-NPLUP
395,Empoleon,EM-PO-LEON
396,Starly,STA-RLY
397,Staravia,STA-RA-VIA
398,Staraptor,STA-RA-PTOR
399,Bidoof,BI-DOOF
400,Bibarel,BI-BA-REL
401,Kricketot,KRI-CKE-TOT
402,Kricketune,KRI-CKE-TU-NE
403,Shinx,SHINX
404,Luxio,LU-XIO
405,Luxray,LU-XRAY
406,Budew,BU-DEW
407,Roserade,RO-SE-RA-DE
408,Cranidos,CRA-NI-DOS
409,Rampardos,RA-MPA-RDOS
410,Shieldon,SHIE-LDON
411,Bastiodon,BA-STIO-DON
412,Burmy,BU-RMY
413,Wormadam-Plant,WO-RMA-DAM-PLANT
414,Mothim,MO-THIM
415,Combee,CO-MBEE
416,Vespiquen,VE-SPI-QUEN
417,Pachirisu,PA-CHI-RI-SU
418,Buizel,BUI-ZEL
419,Floatzel,FLOA-TZEL
420,Cherubi,CHE-RU-BI
421,Cherrim,CHE-RRIM
422,Shellos,SHE-LLOS
423,Gastrodon,GA-STRO-DON
424,Ambipom,AM-BI-POM
425,Drifloon,DRI-FLOON
426,Drifblim,DRI-FBLIM
427,Buneary,BU-NEA-RY
428,Lopunny,LO-PU-NNY
429,Mismagius,MI-SMA-GIUS
430,Honchkrow,HO-NCH-KROW
431,Glameow,GLA-MEOW
432,Purugly,PU-RU-GLY
433,Chingling,CHI-NGLING
434,Stunky,STU-NKY
435,Skuntank,SKU-NTANK
436,Bronzor,BRO-NZOR
437,Bronzong,BRO-NZONG
438,Bonsly,BO-NSLY
439,Mime-Jr,MIME-JR
440,Happiny,HA-PPI-NY
441,Chatot,CHA-TOT
442,Spiritomb,SPI-RI-TOMB
443,Gible,GI-BLE
444,Gabite,GA-BI-TE
445,Garchomp,GAR-chomp
446,Munchlax,MU-NCH-LAX
447,Riolu,RIO-LU
448,Lucario,loo-KAR-ee-oh
449,Hippopotas,HI-PPO-PO-TAS
450,Hippowdon,HI-PPO-WDON
451,Skorupi,SKO-RU-PI
452,Drapion,DRA-PION
453,Croagunk,CROA-GUNK
454,Toxicroak,TO-XI-CROAK
455,Carnivine,CA-RNI-VI-NE
456,Finneon,FI-NNEON
457,Lumineon,LU-MI-NEON
458,Mantyke,MA-NTY-KE
459,Snover,SNO-VER
460,Abomasnow,ABO-MA-SNOW
461,Weavile,WEA-VI-LE
462,Magnezone,MA-GNE-ZO-NE
463,Lickilicky,LI-CKI-LI-CKY
464,Rhyperior,RHY-PE-RIOR
465,Tangrowth,TA-NGRO-WTH
466,Electivire,ELE-CTI-VI-RE
467,Magmortar,MA-GMO-RTAR
468,Togekiss,TO-GE-KISS
469,Yanmega,YA-NME-GA
470,Leafeon,LEA-FEON
471,Glaceon,GLA-CEON
472,Gliscor,GLI-SCOR
473,Mamoswine,MA-MO-SWI-NE
474,Porygon-Z,POR-ee-gon-Z
475,Gallade,GA-LLA-DE
476,Probopass,PRO-BO-PASS
477,Dusknoir,DU-SKNOIR
478,Froslass,FRO-SLASS
479,Rotom,ROH-tom
480,Uxie,UXIE
481,Mesprit,ME-SPRIT
482,Azelf,AZELF
483,Dialga,dee-AL-guh
484,Palkia,PAL-kee-uh
485,Heatran,HEE-tran
486,Regigigas,reh-jee-JIH-gus
487,Giratina-Altered,gih-ruh-TEE-nuh-ALTERED
488,Cresselia,kruh-SEL-ee-uh
489,Phione,PHIO-NE
490,Manaphy,MA-NA-PHY
491,Darkrai,DARK-rye
492,Shaymin-Land,SHAY-MIN-LAND
493,Arceus,AR-kee-us
494,Victini,vik-TEE-nee
495,Snivy,SNY-vee
496,Servine,SE-RVI-NE
497,Serperior,SE-RPE-RIOR
498,Tepig,TEH-pig
499,Pignite,PI-GNI-TE
500,Emboar,EM-BOAR
501,Oshawott,OSH-uh-wot
502,Dewott,DE-WOTT
503,Samurott,SA-MU-ROTT
504,Patrat,PA-TRAT
505,Watchog,WA-TCHOG
506,Lillipup,LI-LLI-PUP
507,Herdier,HE-RDIER
508,Stoutland,STOU-TLAND
509,Purrloin,PU-RRLOIN
510,Liepard,LIE-PARD
511,Pansage,PA-NSA-GE
512,Simisage,SI-MI-SA-GE
513,Pansear,PA-NSEAR
514,Simisear,SI-MI-SEAR
515,Panpour,PA-NPOUR
516,Simipour,SI-MI-POUR
517,Munna,MU-NNA
518,Musharna,MU-SHA-RNA
519,Pidove,PI-DO-VE
520,Tranquill,TRA-NQUILL
521,Unfezant,UN-FE-ZANT
522,Blitzle,BLI-TZLE
523,Zebstrika,ZE-BST-RI-KA
524,Roggenrola,RO-GGE-NRO-LA
525,Boldore,BO-LDO-RE
526,Gigalith,GI-GA-LITH
527,Woobat,WOO-BAT
528,Swoobat,SWOO-BAT
529,Drilbur,DRI-LBUR
530,Excadrill,EX-CA-DRILL
531,Audino,AU-DI-NO
532,Timburr,TI-MBURR
533,Gurdurr,GU-RDURR
534,Conkeldurr,CO-NKE-LDURR
535,Tympole,TY-MPO-LE
536,Palpitoad,PA-LPI-TOAD
537,Seismitoad,SEI-SMI-TOAD
538,Throh,THROH
539,Sawk,SAWK
540,Sewaddle,SE-WA-DDLE
541,Swadloon,SWA-DLOON
542,Leavanny,LEA-VA-NNY
543,Venipede,VE-NI-PE-DE
544,Whirlipede,WHI-RLI-PE-DE
545,Scolipede,SCO-LI-PE-DE
546,Cottonee,CO-TTO-NEE
547,Whimsicott,WHI-MSI-COTT
548,Petilil,PE-TI-LIL
549,Lilligant,LI-LLI-GANT
550,Basculin-Red-Striped,BA-SCU-LIN-RED-STRI-PED
551,Sandile,SA-NDI-LE
552,Krokorok,KRO-KO-ROK
553,Krookodile,KROO-KO-DI-LE
554,Darumaka,DA-RU-MA-KA
555,Darmanitan-Standard,DA-RMA-NI-TAN-STA-NDARD
556,Maractus,MA-RA-CTUS
557,Dwebble,DWE-BBLE
558,Crustle,CRU-STLE
559,Scraggy,SCRA-GGY
560,Scrafty,SCRA-FTY
561,Sigilyph,SI-GI-LYPH
562,Yamask,YA-MASK
563,Cofagrigus,CO-FA-GRI-GUS
564,Tirtouga,TI-RTOU-GA
565,Carracosta,CA-RRA-CO-STA
566,Archen,AR-CHEN
567,Archeops,AR-CHEOPS
568,Trubbish,TRU-BBISH
569,Garbodor,GA-RBO-DOR
570,Zorua,ZOR-oo-uh
571,Zoroark,ZOR-oh-ark
572,Minccino,MI-NCCI-NO
573,Cinccino,CI-NCCI-NO
574,Gothita,GO-THI-TA
575,Gothorita,GO-THO-RI-TA
576,Gothitelle,GO-THI-TE-LLE
577,Solosis,SO-LO-SIS
578,Duosion,DUO-SION
579,Reuniclus,REU-NI-CLUS
580,Ducklett,DU-CKLETT
581,Swanna,SWA-NNA
582,Vanillite,VA-NI-LLI-TE
583,Vanillish,VA-NI-LLISH
584,Vanilluxe,VA-NI-LLU-XE
585,Deerling,DEE-RLING
586,Sawsbuck,SA-WSBUCK
587,Emolga,EMO-LGA
588,Karrablast,KA-RRA-BLAST
589,Escavalier,ES-CA-VA-LIER
590,Foongus,FOO-NGUS
591,Amoonguss,AMOO-NGUSS
592,Frillish-Male,FRI-LLISH-MALE
593,Jellicent-Male,JE-LLI-CENT-MALE
594,Alomomola,ALO-MO-MO-LA
595,Joltik,JO-LTIK
596,Galvantula,GA-LVA-NTU-LA
597,Ferroseed,FE-RRO-SEED
598,Ferrothorn,FE-RRO-THORN
599,Klink,KLINK
600,Klang,KLANG
601,Klinklang,KLI-NKLANG
602,Tynamo,TY-NA-MO
603,Eelektrik,EE-LE-KTRIK
604,Eelektross,EE-LE-KTROSS
605,Elgyem,EL-GYEM
606,Beheeyem,BE-HEEYEM
607,Litwick,LI-TWICK
608,Lampent,LA-MPENT
609,Chandelure,shand-uh-LOOR
610,Axew,AXEW
611,Fraxure,FRA-XU-RE
612,Haxorus,HA-XO-RUS
613,Cubchoo,CU-BCHOO
614,Beartic,BEA-RTIC
615,Cryogonal,CRYO-GO-NAL
616,Shelmet,SHE-LMET
617,Accelgor,ACCE-LGOR
618,Stunfisk,STU-NFISK
619,Mienfoo,MIE-NFOO
620,Mienshao,MIE-NSHAO
621,Druddigon,DRU-DDI-GON
622,Golett,GO-LETT
623,Golurk,GO-LURK
624,Pawniard,PA-WNIARD
625,Bisharp,BI-SHARP
626,Bouffalant,BOU-FFA-LANT
627,Rufflet,RU-FFLET
628,Braviary,BRA-VIA-RY
629,Vullaby,VU-LLA-BY
630,Mandibuzz,MA-NDI-BUZZ
631,Heatmor,HEA-TMOR
632,Durant,DU-RANT
633,Deino,DEI-NO
634,Zweilous,ZWEI-LOUS
635,Hydreigon,hye-DRY-gon
636,Larvesta,LA-RVE-STA
637,Volcarona,VO-LCA-RO-NA
638,Cobalion,koh-BAY-lee-un
639,Terrakion,tuh-RAY-kee-un
640,Virizion,vih-RYE-zee-un
641,Tornadus-Incarnate,TO-RNA-DUS-IN-CA-RNA-TE
642,Thundurus-Incarnate,THU-NDU-RUS-IN-CA-RNA-TE
643,Reshiram,RESH-ih-ram
644,Zekrom,ZEK-rom
645,Landorus-Incarnate,lan-DOR-us-INCARNATE
646,Kyurem,KYOO-rem
647,Keldeo-Ordinary,kel-DEE-oh-ORDINARY
648,Meloetta-Aria,mel-oh-ET-uh-ARIA
649,Genesect,JEN-uh-sekt
650,Chespin,CHE-SPIN
651,Quilladin,QUI-LLA-DIN
652,Chesnaught,CHE-SNAU-GHT
653,Fennekin,FE-NNE-KIN
654,Braixen,BRAI-XEN
655,Delphox,DE-LPHOX
656,Froakie,FROA-KIE
657,Frogadier,FRO-GA-DIER
658,Greninja,greh-NIN-juh
659,Bunnelby,BU-NNE-LBY
660,Diggersby,DI-GGE-RSBY
661,Fletchling,FLE-TCH-LING
662,Fletchinder,FLE-TCHI-NDER
663,Talonflame,TA-LO-NFLA-ME
664,Scatterbug,SCA-TTE-RBUG
665,Spewpa,SPE-WPA
666,Vivillon,VI-VI-LLON
667,Litleo,LI-TLEO
668,Pyroar-Male,PY-ROAR-MALE
669,Flabebe,FLA-BE-BE
670,Floette,FLOE-TTE
671,Florges,FLO-RGES
672,Skiddo,SKI-DDO
673,Gogoat,GO-GOAT
674,Pancham,PA-NCHAM
675,Pangoro,PA-NGO-RO
676,Furfrou,FU-RFROU
677,Espurr,ES-PURR
678,Meowstic-Male,MEO-WSTIC-MALE
679,Honedge,HO-NE-DGE
680,Doublade,DOU-BLA-DE
681,Aegislash-Shield,EE-jih-slash-SHIELD
682,Spritzee,SPRI-TZEE
683,Aromatisse,ARO-MA-TI-SSE
684,Swirlix,SWI-RLIX
685,Slurpuff,SLU-RPUFF
686,Inkay,IN-KAY
687,Malamar,MA-LA-MAR
688,Binacle,BI-NA-CLE
689,Barbaracle,BA-RBA-RA-CLE
690,Skrelp,SKRELP
691,Dragalge,DRA-GA-LGE
692,Clauncher,CLAU-NCHER
693,Clawitzer,CLA-WI-TZER
694,Helioptile,HE-LIO-PTI-LE
695,Heliolisk,HE-LIO-LISK
696,Tyrunt,TY-RUNT
697,Tyrantrum,TY-RA-NTRUM
698,Amaura,AMAU-RA
699,Aurorus,AU-RO-RUS
700,Sylveon,SIL-vee-un
701,Hawlucha,HA-WLU-CHA
702,Dedenne,DE-DE-NNE
703,Carbink,CA-RBINK
704,Goomy,GOO-MY
705,Sliggoo,SLI-GGOO
706,Goodra,GOO-druh
707,Klefki,KLE-FKI
708,Phantump,PHA-NTUMP
709,Trevenant,TRE-VE-NANT
710,Pumpkaboo-Average,PU-MPKA-BOO-AVE-RA-GE
711,Gourgeist-Average,GOU-RGEIST-AVE-RA-GE
712,Bergmite,BE-RGMI-TE
713,Avalugg,AVA-LUGG
714,Noibat,NOI-BAT
715,Noivern,NOY-vern
716,Xerneas,ZUR-nee-us
717,Yveltal,ee-VEL-tall
718,Zygarde-50,ZYE-gard-50
719,Diancie,dye-AN-see
720,Hoopa,HOO-puh
721,Volcanion,vol-KAY-nee-un
722,Rowlet,RO-WLET
723,Dartrix,DA-RTRIX
724,Decidueye,DE-CI-DUEYE
725,Litten,LI-TTEN
726,Torracat,TO-RRA-CAT
727,Incineroar,IN-CI-NE-ROAR
728,Popplio,PO-PPLIO
729,Brionne,BRIO-NNE
730,Primarina,PRI-MA-RI-NA
731,Pikipek,PI-KI-PEK
732,Trumbeak,TRU-MBEAK
733,Toucannon,TOU-CA-NNON
734,Yungoos,YU-NGOOS
735,Gumshoos,GU-MSHOOS
736,Grubbin,GRU-BBIN
737,Charjabug,CHA-RJA-BUG
738,Vikavolt,VI-KA-VOLT
739,Crabrawler,CRA-BRA-WLER
740,Crabominable,CRA-BO-MI-NA-BLE
741,Oricorio-Baile,ORI-CO-RIO-BAI-LE
742,Cutiefly,CU-TIE-FLY
743,Ribombee,RI-BO-MBEE
744,Rockruff,RO-CKRUFF
745,Lycanroc-Midday,lye-KAN-rok-MIDDAY
746,Wishiwashi-Solo,WI-SHI-WA-SHI-SOLO
747,Mareanie,MA-REA-NIE
748,Toxapex,tok-SAY-peks
749,Mudbray,MU-DBRAY
750,Mudsdale,MU-DSDA-LE
751,Dewpider,DE-WPI-DER
752,Araquanid,ARA-QUA-NID
753,Fomantis,FO-MA-NTIS
754,Lurantis,LU-RA-NTIS
755,Morelull,MO-RE-LULL
756,Shiinotic,SHII-NO-TIC
757,Salandit,SA-LA-NDIT
758,Salazzle,SA-LA-ZZLE
759,Stufful,STU-FFUL
760,Bewear,BE-WEAR
761,Bounsweet,BOU-NSWEET
762,Steenee,STEE-NEE
763,Tsareena,TSA-REE-NA
764,Comfey,CO-MFEY
765,Oranguru,ORA-NGU-RU
766,Passimian,PA-SSI-MIAN
767,Wimpod,WI-MPOD
768,Golisopod,GO-LI-SO-POD
769,Sandygast,SA-NDY-GAST
770,Palossand,PA-LO-SSAND
771,Pyukumuku,PYU-KU-MU-KU
772,Type-Null,TYPE-NULL
773,Silvally,SI-LVA-LLY
774,Minior-Red-Meteor,MI-NIOR-RED-ME-TEOR
775,Komala,KO-MA-LA
776,Turtonator,TU-RTO-NA-TOR
777,Togedemaru,TO-GE-DE-MA-RU
778,Mimikyu-Disguised,MIM-ih-kyoo-DISGUISED
779,Bruxish,BRU-XISH
780,Drampa,DRA-MPA
781,Dhelmise,DHE-LMI-SE
782,Jangmo-O,JA-NGMO-O
783,Hakamo-O,HA-KA-MO-O
784,Kommo-O,KO-MMO-O
785,Tapu-Koko,TAH-poo KOH-koh
786,Tapu-Lele,TAH-poo LEH-leh
787,Tapu-Bulu,TAPU-BULU
788,Tapu-Fini,TAPU-FINI
789,Cosmog,CO-SMOG
790,Cosmoem,CO-SMOEM
791,Solgaleo,sol-guh-LAY-oh
792,Lunala,loo-NAH-lah
793,Nihilego,nye-hee-LAY-goh
794,Buzzwole,BUZ-wohl
795,Pheromosa,fair-uh-MOH-suh
796,Xurkitree,ZER-kih-tree
797,Celesteela,seh-les-TEE-luh
798,Kartana,kar-TAH-nuh
799,Guzzlord,GUZ-lord
800,Necrozma,neh-KROZ-muh
801,Magearna,muh-GEER-nuh
802,Marshadow,MAR-shad-oh
803,Poipole,POI-PO-LE
804,Naganadel,NA-GA-NA-DEL
805,Stakataka,STA-KA-TA-KA
806,Blacephalon,BLA-CE-PHA-LON
807,Zeraora,zeh-ruh-OR-uh
808,Meltan,ME-LTAN
809,Melmetal,ME-LME-TAL
810,Grookey,GROO-KEY
811,Thwackey,THWA-CKEY
812,Rillaboom,RI-LLA-BOOM
813,Scorbunny,SCO-RBU-NNY
814,Raboot,RA-BOOT
815,Cinderace,CI-NDE-RA-CE
816,Sobble,SO-BBLE
817,Drizzile,DRI-ZZI-LE
818,Inteleon,IN-TE-LEON
819,Skwovet,SKWO-VET
820,Greedent,GREE-DENT
821,Rookidee,ROO-KI-DEE
822,Corvisquire,CO-RVI-SQUI-RE
823,Corviknight,KOR-vih-nite
824,Blipbug,BLI-PBUG
825,Dottler,DO-TTLER
826,Orbeetle,OR-BEE-TLE
827,Nickit,NI-CKIT
828,Thievul,THIE-VUL
829,Gossifleur,GO-SSI-FLEUR
830,Eldegoss,EL-DE-GOSS
831,Wooloo,WOO-LOO
832,Dubwool,DU-BWOOL
833,Chewtle,CHE-WTLE
834,Drednaw,DRE-DNAW
835,Yamper,YA-MPER
836,Boltund,BO-LTUND
837,Rolycoly,RO-LY-CO-LY
838,Carkol,CA-RKOL
839,Coalossal,COA-LO-SSAL
840,Applin,APP-LIN
841,Flapple,FLA-PPLE
842,Appletun,APP-LE-TUN
843,Silicobra,SI-LI-CO-BRA
844,Sandaconda,SA-NDA-CO-NDA
845,Cramorant,CRA-MO-RANT
846,Arrokuda,ARRO-KU-DA
847,Barraskewda,BA-RRA-SKE-WDA
848,Toxel,TO-XEL
849,Toxtricity-Amped,tok-TRIS-ih-tee-AMPED
850,Sizzlipede,SI-ZZLI-PE-DE
851,Centiskorch,CE-NTI-SKO-RCH
852,Clobbopus,CLO-BBO-PUS
853,Grapploct,GRA-PPLOCT
854,Sinistea,SI-NI-STEA
855,Polteageist,PO-LTEA-GEIST
856,Hatenna,HA-TE-NNA
857,Hattrem,HA-TTREM
858,Hatterene,HA-TTE-RE-NE
859,Impidimp,IM-PI-DIMP
860,Morgrem,MO-RGREM
861,Grimmsnarl,GRI-MMS-NARL
862,Obstagoon,OB-STA-GOON
863,Perrserker,PE-RRSE-RKER
864,Cursola,CU-RSO-LA
865,Sirfetchd,ser-FECH-t
866,Mr-Rime,MR-RIME
867,Runerigus,RU-NE-RI-GUS
868,Milcery,MI-LCE-RY
869,Alcremie,AL-CRE-MIE
870,Falinks,FA-LI-NKS
871,Pincurchin,PI-NCU-RCHIN
872,Snom,SNOM
873,Frosmoth,FRO-SMOTH
874,Stonjourner,STO-NJOU-RNER
875,Eiscue-Ice,EI-SCUE-ICE
876,Indeedee-Male,IN-DEE-DEE-MALE
877,Morpeko-Full-Belly,MO-RPE-KO-FULL-BE-LLY
878,Cufant,CU-FANT
879,Copperajah,CO-PPE-RA-JAH
880,Dracozolt,DRA-CO-ZOLT
881,Arctozolt,AR-CTO-ZOLT
882,Dracovish,DRA-CO-VISH
883,Arctovish,AR-CTO-VISH
884,Duraludon,DU-RA-LU-DON
885,Dreepy,DREE-PY
886,Drakloak,DRA-KLOAK
887,Dragapult,DRA-GA-PULT
888,Zacian,ZAH-shee-un
889,Zamazenta,zah-muh-ZEN-tah
890,Eternatus,ee-TER-nuh-tus
891,Kubfu,KU-BFU
892,Urshifu-Single-Strike,ER-shih-foo-SINGLE-STRIKE
893,Zarude,ZA-RU-DE
894,Regieleki,reh-jee-el-EK-ee
895,Regidrago,reh-jee-DRAY-goh
896,Glastrier,GLA-STRIER
897,Spectrier,SPE-CTRIER
898,Calyrex,KAL-ih-reks
899,Wyrdeer,WY-RDEER
900,Kleavor,KLEA-VOR
901,Ursaluna,UR-SA-LU-NA
902,Basculegion-Male,BA-SCU-LE-GION-MALE
903,Sneasler,SNEA-SLER
904,Overqwil,OVE-RQWIL
905,Enamorus-Incarnate,ENA-MO-RUS-IN-CA-RNA-TE
906,Sprigatito,spree-gah-TEE-toh
907,Floragato,FLO-RA-GA-TO
908,Meowscarada,MEO-WSCA-RA-DA
909,Fuecoco,fway-KOH-koh
910,Crocalor,CRO-CA-LOR
911,Skeledirge,SKE-LE-DI-RGE
912,Quaxly,KWAK-slee
913,Quaxwell,QUA-XWELL
914,Quaquaval,QUA-QUA-VAL
915,Lechonk,leh-CHONK
916,Oinkologne-Male,OI-NKO-LO-GNE-MALE
917,Tarountula,TA-ROU-NTU-LA
918,Spidops,SPI-DOPS
919,Nymble,NY-MBLE
920,Lokix,LO-KIX
921,Pawmi,PA-WMI
922,Pawmo,PA-WMO
923,Pawmot,PA-WMOT
924,Tandemaus,TA-NDE-MAUS
925,Maushold-Family-Of-Four,MAU-SHOLD-FA-MI-LY-OF-FOUR
926,Fidough,FI-DOUGH
927,Dachsbun,DA-CHS-BUN
928,Smoliv,SMO-LIV
929,Dolliv,DO-LLIV
930,Arboliva,AR-BO-LI-VA
931,Squawkabilly-Green-Plumage,SQUA-WKA-BI-LLY-GREEN-PLU-MA-GE
932,Nacli,NA-CLI
933,Naclstack,NA-CLS-TACK
934,Garganacl,GA-RGA-NACL
935,Charcadet,CHA-RCA-DET
936,Armarouge,AR-MA-ROU-GE
937,Ceruledge,CE-RU-LE-DGE
938,Tadbulb,TA-DBULB
939,Bellibolt,BE-LLI-BOLT
940,Wattrel,WA-TTREL
941,Kilowattrel,KI-LO-WA-TTREL
942,Maschiff,MA-SCHIFF
943,Mabosstiff,MA-BO-SSTIFF
944,Shroodle,SHROO-DLE
945,Grafaiai,GRA-FAIAI
946,Bramblin,BRA-MBLIN
947,Brambleghast,BRA-MBLE-GHAST
948,Toedscool,TOE-DSCOOL
949,Toedscruel,TOE-DSC-RUEL
950,Klawf,KLAWF
951,Capsakid,CA-PSA-KID
952,Scovillain,SCO-VI-LLAIN
953,Rellor,RE-LLOR
954,Rabsca,RA-BSCA
955,Flittle,FLI-TTLE
956,Espathra,ES-PA-THRA
957,Tinkatink,TI-NKA-TINK
958,Tinkatuff,TI-NKA-TUFF
959,Tinkaton,TI-NKA-TON
960,Wiglett,WI-GLETT
961,Wugtrio,WU-GTRIO
962,Bombirdier,BO-MBI-RDIER
963,Finizen,FI-NI-ZEN
964,Palafin-Zero,PA-LA-FIN-ZERO
965,Varoom,VA-ROOM
966,Revavroom,RE-VA-VROOM
967,Cyclizar,CY-CLI-ZAR
968,Orthworm,OR-THWORM
969,Glimmet,GLI-MMET
970,Glimmora,GLI-MMO-RA
971,Greavard,GREA-VARD
972,Houndstone,HOU-NDS-TO-NE
973,Flamigo,FLA-MI-GO
974,Cetoddle,CE-TO-DDLE
975,Cetitan,CE-TI-TAN
976,Veluza,VE-LU-ZA
977,Dondozo,DO-NDO-ZO
978,Tatsugiri-Curly,TA-TSU-GI-RI-CU-RLY
979,Annihilape,ANNI-HI-LA-PE
980,Clodsire,CLO-DSI-RE
981,Farigiraf,FA-RI-GI-RAF
982,Dudunsparce-Two-Segment,DU-DU-NSPA-RCE-TWO-SE-GMENT
983,Kingambit,KI-NGA-MBIT
984,Great-Tusk,GREAT-TUSK
985,Scream-Tail,SCREAM-TAIL
986,Brute-Bonnet,BRU-TE-BO-NNET
987,Flutter-Mane,FLU-TTER-MANE
988,Slither-Wing,SLI-THER-WING
989,Sandy-Shocks,SA-NDY-SHO-CKS
990,Iron-Treads,IRON-TREADS
991,Iron-Bundle,IRON-BU-NDLE
992,Iron-Hands,IRON-HA-NDS
993,Iron-Jugulis,IRON-JU-GU-LIS
994,Iron-Moth,IRON-MOTH
995,Iron-Thorns,IRON-THO-RNS
996,Frigibax,FRI-GI-BAX
997,Arctibax,AR-CTI-BAX
998,Baxcalibur,BA-XCA-LI-BUR
999,Gimmighoul,GI-MMI-GHOUL
1000,Gholdengo,GHO-LDE-NGO
1001,Wo-Chien,WO-CHIEN
1002,Chien-Pao,CHIEN-PAO
1003,Ting-Lu,TING-LU
1004,Chi-Yu,CHI-YU
1005,Roaring-Moon,ROA-RING-MOON
1006,Iron-Valiant,IRON-VA-LIANT
1007,Koraidon,kor-EYE-don
1008,Miraidon,mee-RYE-don
1009,Walking-Wake,WA-LKING-WAKE
1010,Iron-Leaves,IRON-LEA-VES
1011,Dipplin,DI-PPLIN
1012,Poltchageist,PO-LTC-HA-GEIST
1013,Sinistcha,SI-NI-STC-HA
1014,Okidogi,OKI-DO-GI
1015,Munkidori,MU-NKI-DO-RI
1016,Fezandipiti,FE-ZA-NDI-PI-TI
1017,Ogerpon,OGE-RPON
1018,Archaludon,AR-CHA-LU-DON
1019,Hydrapple,HY-DRA-PPLE
1020,Gouging-Fire,GOU-GING-FIRE
1021,Raging-Bolt,RA-GING-BOLT
1022,Iron-Boulder,IRON-BOU-LDER
1023,Iron-Crown,IRON-CROWN
1024,Terapagos,TE-RA-PA-GOS
1025,Pecharunt,PE-CHA-RUNT
10001,Deoxys-Attack,dee-OK-sis-ATTACK
10002,Deoxys-Defense,dee-OK-sis-DEFENSE
10003,Deoxys-Speed,dee-OK-sis-SPEED
10004,Wormadam-Sandy,WO-RMA-DAM-SA-NDY
10005,Wormadam-Trash,WO-RMA-DAM-TRASH
10006,Shaymin-Sky,SHAY-MIN-SKY
10007,Giratina-Origin,gih-ruh-TEE-nuh-ORIGIN
10008,Rotom-Heat,ROH-tom-HEAT
10009,Rotom-Wash,ROH-tom-WASH
10010,Rotom-Frost,ROH-tom-FROST
10011,Rotom-Fan,ROH-tom-FAN
10012,Rotom-Mow,ROH-tom-MOW
10013,Castform-Sunny,CA-STFORM-SU-NNY
10014,Castform-Rainy,CA-STFORM-RAI-NY
10015,Castform-Snowy,CA-STFORM-SNO-WY
10016,Basculin-Blue-Striped,BA-SCU-LIN-BLUE-STRI-PED
10017,Darmanitan-Zen,DA-RMA-NI-TAN-ZEN
10018,Meloetta-Pirouette,mel-oh-ET-uh-PIROUETTE
10019,Tornadus-Therian,TO-RNA-DUS-THE-RIAN
10020,Thundurus-Therian,THU-NDU-RUS-THE-RIAN
10021,Landorus-Therian,lan-DOR-us-THERIAN
10022,Kyurem-Black,KYOO-rem-BLACK
10023,Kyurem-White,KYOO-rem-WHITE
10024,Keldeo-Resolute,kel-DEE-oh-RESOLUTE
10025,Meowstic-Female,MEO-WSTIC-FE-MA-LE
10026,Aegislash-Blade,EE-jih-slash-BLADE
10027,Pumpkaboo-Small,PU-MPKA-BOO-SMALL
10028,Pumpkaboo-Large,PU-MPKA-BOO-LA-RGE
10029,Pumpkaboo-Super,PU-MPKA-BOO-SU-PER
10030,Gourgeist-Small,GOU-RGEIST-SMALL
10031,Gourgeist-Large,GOU-RGEIST-LA-RGE
10032,Gourgeist-Super,GOU-RGEIST-SU-PER
10033,Venusaur-Mega,VEE-nuh-sore-MEGA
10034,Charizard-Mega-X,CHAR-ih-zard-MEGA-X
10035,Charizard-Mega-Y,CHAR-ih-zard-MEGA-Y
10036,Blastoise-Mega,BLAS-toys-MEGA
10037,Alakazam-Mega,AL-ah-kuh-zam-MEGA
10038,Gengar-Mega,GEN-gar-MEGA
10039,Kangaskhan-Mega,KA-NGA-SKHAN-MEGA
10040,Pinsir-Mega,PI-NSIR-MEGA
10041,Gyarados-Mega,GARE-uh-dose-MEGA
10042,Aerodactyl-Mega,air-oh-DAK-tul-MEGA
10043,Mewtwo-Mega-X,MYOO-too-MEGA-X
10044,Mewtwo-Mega-Y,MYOO-too-MEGA-Y
10045,Ampharos-Mega,AM-PHA-ROS-MEGA
10046,Scizor-Mega,SIZE-or-MEGA
10047,Heracross-Mega,HAIR-uh-kros-MEGA
10048,Houndoom-Mega,HOWN-doom-MEGA
10049,Tyranitar-Mega,tye-RAN-ih-tar-MEGA
10050,Blaziken-Mega,BLA-ZI-KEN-MEGA
10051,Gardevoir-Mega,GAR-deh-vwahr-MEGA
10052,Mawile-Mega,MAW-wile-MEGA
10053,Aggron-Mega,AGG-RON-MEGA
10054,Medicham-Mega,ME-DI-CHAM-MEGA
10055,Manectric-Mega,MA-NE-CTRIC-MEGA
10056,Banette-Mega,BA-NE-TTE-MEGA
10057,Absol-Mega,AB-sol-MEGA
10058,Garchomp-Mega,GAR-chomp-MEGA
10059,Lucario-Mega,loo-KAR-ee-oh-MEGA
10060,Abomasnow-Mega,ABO-MA-SNOW-MEGA
10061,Floette-Eternal,FLOE-TTE-ETE-RNAL
10062,Latias-Mega,LAH-tee-as-MEGA
10063,Latios-Mega,LAH-tee-os-MEGA
10064,Swampert-Mega,SWA-MPERT-MEGA
10065,Sceptile-Mega,SCE-PTI-LE-MEGA
10066,Sableye-Mega,SAY-bul-eye-MEGA
10067,Altaria-Mega,AL-TA-RIA-MEGA
10068,Gallade-Mega,GA-LLA-DE-MEGA
10069,Audino-Mega,AU-DI-NO-MEGA
10070,Sharpedo-Mega,SHA-RPE-DO-MEGA
10071,Slowbro-Mega,SLO-WBRO-MEGA
10072,Steelix-Mega,STEE-LIX-MEGA
10073,Pidgeot-Mega,PI-DGEOT-MEGA
10074,Glalie-Mega,GLA-LIE-MEGA
10075,Diancie-Mega,dye-AN-see-MEGA
10076,Metagross-Mega,MET-uh-gros-MEGA
10077,Kyogre-Primal,kye-OH-ger-PRIMAL
10078,Groudon-Primal,GROW-don-PRIMAL
10079,Rayquaza-Mega,ray-KWAY-zah-MEGA
10080,Pikachu-Rock-Star,PEE-kah-choo-ROCK-STAR
10081,Pikachu-Belle,PEE-kah-choo-BELLE
10082,Pikachu-Pop-Star,PEE-kah-choo-POP-STAR
10083,Pikachu-Phd,PEE-kah-choo-PHD
10084,Pikachu-Libre,PEE-kah-choo-LIBRE
10085,Pikachu-Cosplay,PEE-kah-choo-COSPLAY
10086,Hoopa-Unbound,HOO-puh-UNBOUND
10087,Camerupt-Mega,CA-ME-RUPT-MEGA
10088,Lopunny-Mega,LO-PU-NNY-MEGA
10089,Salamence-Mega,SAL-uh-mens-MEGA
10090,Beedrill-Mega,BEE-DRILL-MEGA
10091,Rattata-Alola,RA-TTA-TA-ALO-LA
10092,Raticate-Alola,RA-TI-CA-TE-ALO-LA
10093,Raticate-Totem-Alola,RA-TI-CA-TE-TO-TEM-ALO-LA
10094,Pikachu-Original-Cap,PEE-kah-choo-ORIGINAL-CAP
10095,Pikachu-Hoenn-Cap,PEE-kah-choo-HOENN-CAP
10096,Pikachu-Sinnoh-Cap,PEE-kah-choo-SINNOH-CAP
10097,Pikachu-Unova-Cap,PEE-kah-choo-UNOVA-CAP
10098,Pikachu-Kalos-Cap,PEE-kah-choo-KALOS-CAP
10099,Pikachu-Alola-Cap,PEE-kah-choo-ALOLA-CAP
10100,Raichu-Alola,RYE-choo-ALOLA
10101,Sandshrew-Alola,SA-NDS-HREW-ALO-LA
10102,Sandslash-Alola,SA-NDS-LASH-ALO-LA
10103,Vulpix-Alola,VUL-piks-ALOLA
10104,Ninetales-Alola,NINE-tayls-ALOLA
10105,Diglett-Alola,DI-GLETT-ALO-LA
10106,Dugtrio-Alola,DU-GTRIO-ALO-LA
10107,Meowth-Alola,mee-OWTH-ALOLA
10108,Persian-Alola,PE-RSIAN-ALO-LA
10109,Geodude-Alola,GEO-DU-DE-ALO-LA
10110,Graveler-Alola,GRA-VE-LER-ALO-LA
10111,Golem-Alola,GO-LEM-ALO-LA
10112,Grimer-Alola,GRI-MER-ALO-LA
10113,Muk-Alola,MUK-ALO-LA
10114,Exeggutor-Alola,EXE-GGU-TOR-ALO-LA
10115,Marowak-Alola,MA-RO-WAK-ALO-LA
10116,Greninja-Battle-Bond,greh-NIN-juh-BATTLE-BOND
10117,Greninja-Ash,greh-NIN-juh-ASH
10118,Zygarde-10-Power-Construct,ZYE-gard-10-POWER-CONSTRUCT
10119,Zygarde-50-Power-Construct,ZYE-gard-50-POWER-CONSTRUCT
10120,Zygarde-Complete,ZYE-gard-COMPLETE
10121,Gumshoos-Totem,GU-MSHOOS-TO-TEM
10122,Vikavolt-Totem,VI-KA-VOLT-TO-TEM
10123,Oricorio-Pom-Pom,ORI-CO-RIO-POM-POM
10124,Oricorio-Pau,ORI-CO-RIO-PAU
10125,Oricorio-Sensu,ORI-CO-RIO-SE-NSU
10126,Lycanroc-Midnight,lye-KAN-rok-MIDNIGHT
10127,Wishiwashi-School,WI-SHI-WA-SHI-SCHOOL
10128,Lurantis-Totem,LU-RA-NTIS-TO-TEM
10129,Salazzle-Totem,SA-LA-ZZLE-TO-TEM
10130,Minior-Orange-Meteor,MI-NIOR-ORA-NGE-ME-TEOR
10131,Minior-Yellow-Meteor,MI-NIOR-YE-LLOW-ME-TEOR
10132,Minior-Green-Meteor,MI-NIOR-GREEN-ME-TEOR
10133,Minior-Blue-Meteor,MI-NIOR-BLUE-ME-TEOR
10134,Minior-Indigo-Meteor,MI-NIOR-IN-DI-GO-ME-TEOR
10135,Minior-Violet-Meteor,MI-NIOR-VIO-LET-ME-TEOR
10136,Minior-Red,MI-NIOR-RED
10137,Minior-Orange,MI-NIOR-ORA-NGE
10138,Minior-Yellow,MI-NIOR-YE-LLOW
10139,Minior-Green,MI-NIOR-GREEN
10140,Minior-Blue,MI-NIOR-BLUE
10141,Minior-Indigo,MI-NIOR-IN-DI-GO
10142,Minior-Violet,MI-NIOR-VIO-LET
10143,Mimikyu-Busted,MIM-ih-kyoo-BUSTED
10144,Mimikyu-Totem-Disguised,MIM-ih-kyoo-TOTEM-DISGUISED
10145,Mimikyu-Totem-Busted,MIM-ih-kyoo-TOTEM-BUSTED
10146,Kommo-O-Totem,KO-MMO-O-TO-TEM
10147,Magearna-Original,muh-GEER-nuh-ORIGINAL
10148,Pikachu-Partner-Cap,PEE-kah-choo-PARTNER-CAP
10149,Marowak-Totem,MA-RO-WAK-TO-TEM
10150,Ribombee-Totem,RI-BO-MBEE-TO-TEM
10151,Rockruff-Own-Tempo,RO-CKRUFF-OWN-TE-MPO
10152,Lycanroc-Dusk,lye-KAN-rok-DUSK
10153,Araquanid-Totem,ARA-QUA-NID-TO-TEM
10154,Togedemaru-Totem,TO-GE-DE-MA-RU-TO-TEM
10155,Necrozma-Dusk,neh-KROZ-muh-DUSK
10156,Necrozma-Dawn,neh-KROZ-muh-DAWN
10157,Necrozma-Ultra,neh-KROZ-muh-ULTRA
10158,Pikachu-Starter,PEE-kah-choo-STARTER
10159,Eevee-Starter,EE-vee-STARTER
10160,Pikachu-World-Cap,PEE-kah-choo-WORLD-CAP
10161,Meowth-Galar,mee-OWTH-GALAR
10162,Ponyta-Galar,poh-NEE-tah-GALAR
10163,Rapidash-Galar,RAP-ih-dash-GALAR
10164,Slowpoke-Galar,SLOH-pohk-GALAR
10165,Slowbro-Galar,SLO-WBRO-GA-LAR
10166,Farfetchd-Galar,FA-RFE-TCHD-GA-LAR
10167,Weezing-Galar,WEE-ZING-GA-LAR
10168,Mr-Mime-Galar,MR-MIME-GA-LAR
10169,Articuno-Galar,ar-tih-KOO-noh-GALAR
10170,Zapdos-Galar,ZAP-dose-GALAR
10171,Moltres-Galar,MOL-tres-GALAR
10172,Slowking-Galar,SLO-WKING-GA-LAR
10173,Corsola-Galar,CO-RSO-LA-GA-LAR
10174,Zigzagoon-Galar,ZI-GZA-GOON-GA-LAR
10175,Linoone-Galar,LI-NOO-NE-GA-LAR
10176,Darumaka-Galar,DA-RU-MA-KA-GA-LAR
10177,Darmanitan-Galar-Standard,DA-RMA-NI-TAN-GA-LAR-STA-NDARD
10178,Darmanitan-Galar-Zen,DA-RMA-NI-TAN-GA-LAR-ZEN
10179,Yamask-Galar,YA-MASK-GA-LAR
10180,Stunfisk-Galar,STU-NFISK-GA-LAR
10181,Zygarde-10,ZYE-gard-10
10182,Cramorant-Gulping,CRA-MO-RANT-GU-LPING
10183,Cramorant-Gorging,CRA-MO-RANT-GO-RGING
10184,Toxtricity-Low-Key,tok-TRIS-ih-tee-LOW-KEY
10185,Eiscue-Noice,EI-SCUE-NOI-CE
10186,Indeedee-Female,IN-DEE-DEE-FE-MA-LE
10187,Morpeko-Hangry,MO-RPE-KO-HA-NGRY
10188,Zacian-Crowned,ZAH-shee-un-CROWNED
10189,Zamazenta-Crowned,zah-muh-ZEN-tah-CROWNED
10190,Eternatus-Eternamax,ee-TER-nuh-tus-ETERNAMAX
10191,Urshifu-Rapid-Strike,ER-shih-foo-RAPID-STRIKE
10192,Zarude-Dada,ZA-RU-DE-DADA
10193,Calyrex-Ice,KAL-ih-reks-ICE
10194,Calyrex-Shadow,KAL-ih-reks-SHADOW
10195,Venusaur-Gmax,VEE-nuh-sore-GMAX
10196,Charizard-Gmax,CHAR-ih-zard-GMAX
10197,Blastoise-Gmax,BLAS-toys-GMAX
10198,Butterfree-Gmax,BU-TTE-RFREE-GMAX
10199,Pikachu-Gmax,PEE-kah-choo-GMAX
10200,Meowth-Gmax,mee-OWTH-GMAX
10201,Machamp-Gmax,MA-CHAMP-GMAX
10202,Gengar-Gmax,GEN-gar-GMAX
10203,Kingler-Gmax,KI-NGLER-GMAX
10204,Lapras-Gmax,LAP-ras-GMAX
10205,Eevee-Gmax,EE-vee-GMAX
10206,Snorlax-Gmax,SNOR-laks-GMAX
10207,Garbodor-Gmax,GA-RBO-DOR-GMAX
10208,Melmetal-Gmax,ME-LME-TAL-GMAX
10209,Rillaboom-Gmax,RI-LLA-BOOM-GMAX
10210,Cinderace-Gmax,CI-NDE-RA-CE-GMAX
10211,Inteleon-Gmax,IN-TE-LEON-GMAX
10212,Corviknight-Gmax,KOR-vih-nite-GMAX
10213,Orbeetle-Gmax,OR-BEE-TLE-GMAX
10214,Drednaw-Gmax,DRE-DNAW-GMAX
10215,Coalossal-Gmax,COA-LO-SSAL-GMAX
10216,Flapple-Gmax,FLA-PPLE-GMAX
10217,Appletun-Gmax,APP-LE-TUN-GMAX
10218,Sandaconda-Gmax,SA-NDA-CO-NDA-GMAX
10219,Toxtricity-Amped-Gmax,tok-TRIS-ih-tee-AMPED-GMAX
10220,Centiskorch-Gmax,CE-NTI-SKO-RCH-GMAX
10221,Hatterene-Gmax,HA-TTE-RE-NE-GMAX
10222,Grimmsnarl-Gmax,GRI-MMS-NARL-GMAX
10223,Alcremie-Gmax,AL-CRE-MIE-GMAX
10224,Copperajah-Gmax,CO-PPE-RA-JAH-GMAX
10225,Duraludon-Gmax,DU-RA-LU-DON-GMAX
10226,Urshifu-Single-Strike-Gmax,ER-shih-foo-SINGLE-STRIKE-GMAX
10227,Urshifu-Rapid-Strike-Gmax,ER-shih-foo-RAPID-STRIKE-GMAX
10228,Toxtricity-Low-Key-Gmax,tok-TRIS-ih-tee-LOW-KEY-GMAX
10229,Growlithe-Hisui,GROW-lith-HISUI
10230,Arcanine-Hisui,AR-kuh-nine-HISUI
10231,Voltorb-Hisui,VO-LTORB-HI-SUI
10232,Electrode-Hisui,ELE-CTRO-DE-HI-SUI
10233,Typhlosion-Hisui,TY-PHLO-SION-HI-SUI
10234,Qwilfish-Hisui,QWI-LFISH-HI-SUI
10235,Sneasel-Hisui,SNEA-SEL-HI-SUI
10236,Samurott-Hisui,SA-MU-ROTT-HI-SUI
10237,Lilligant-Hisui,LI-LLI-GANT-HI-SUI
10238,Zorua-Hisui,ZOR-oo-uh-HISUI
10239,Zoroark-Hisui,ZOR-oh-ark-HISUI
10240,Braviary-Hisui,BRA-VIA-RY-HI-SUI
10241,Sliggoo-Hisui,SLI-GGOO-HI-SUI
10242,Goodra-Hisui,GOO-druh-HISUI
10243,Avalugg-Hisui,AVA-LUGG-HI-SUI
10244,Decidueye-Hisui,DE-CI-DUEYE-HI-SUI
10245,Dialga-Origin,dee-AL-guh-ORIGIN
10246,Palkia-Origin,PAL-kee-uh-ORIGIN
10247,Basculin-White-Striped,BA-SCU-LIN-WHI-TE-STRI-PED
10248,Basculegion-Female,BA-SCU-LE-GION-FE-MA-LE
10249,Enamorus-Therian,ENA-MO-RUS-THE-RIAN
10250,Tauros-Paldea-Combat-Breed,TAU-ROS-PA-LDEA-CO-MBAT-BREED
10251,Tauros-Paldea-Blaze-Breed,TAU-ROS-PA-LDEA-BLA-ZE-BREED
10252,Tauros-Paldea-Aqua-Breed,TAU-ROS-PA-LDEA-AQUA-BREED
10253,Wooper-Paldea,WOO-PER-PA-LDEA
10254,Oinkologne-Female,OI-NKO-LO-GNE-FE-MA-LE
10255,Dudunsparce-Three-Segment,DU-DU-NSPA-RCE-THREE-SE-GMENT
10256,Palafin-Hero,PA-LA-FIN-HERO
10257,Maushold-Family-Of-Three,MAU-SHOLD-FA-MI-LY-OF-THREE
10258,Tatsugiri-Droopy,TA-TSU-GI-RI-DROO-PY
10259,Tatsugiri-Stretchy,TA-TSU-GI-RI-STRE-TCHY
10260,Squawkabilly-Blue-Plumage,SQUA-WKA-BI-LLY-BLUE-PLU-MA-GE
10261,Squawkabilly-Yellow-Plumage,SQUA-WKA-BI-LLY-YE-LLOW-PLU-MA-GE
10262,Squawkabilly-White-Plumage,SQUA-WKA-BI-LLY-WHI-TE-PLU-MA-GE
10263,Gimmighoul-Roaming,GI-MMI-GHOUL-ROA-MING
10264,Koraidon-Limited-Build,kor-EYE-don-LIMITED-BUILD
10265,Koraidon-Sprinting-Build,kor-EYE-don-SPRINTING-BUILD
10266,Koraidon-Swimming-Build,kor-EYE-don-SWIMMING-BUILD
10267,Koraidon-Gliding-Build,kor-EYE-don-GLIDING-BUILD
10268,Miraidon-Low-Power-Mode,mee-RYE-don-LOW-POWER-MODE
10269,Miraidon-Drive-Mode,mee-RYE-don-DRIVE-MODE
10270,Miraidon-Aquatic-Mode,mee-RYE-don-AQUATIC-MODE
10271,Miraidon-Glide-Mode,mee-RYE-don-GLIDE-MODE
10272,Ursaluna-Bloodmoon,UR-SA-LU-NA-BLOO-DMOON
10273,Ogerpon-Wellspring-Mask,OGE-RPON-WE-LLS-PRING-MASK
10274,Ogerpon-Hearthflame-Mask,OGE-RPON-HEA-RTH-FLA-ME-MASK
10275,Ogerpon-Cornerstone-Mask,OGE-RPON-CO-RNE-RSTO-NE-MASK
10276,Terapagos-Terastal,TE-RA-PA-GOS-TE-RA-STAL
10277,Terapagos-Stellar,TE-RA-PA-GOS-STE-LLAR
10278,Clefable-Mega,CLE-FA-BLE-MEGA
10279,Victreebel-Mega,VI-CTREE-BEL-MEGA
10280,Starmie-Mega,STA-RMIE-MEGA
10281,Dragonite-Mega,DRAG-un-ite-MEGA
10282,Meganium-Mega,ME-GA-NIUM-MEGA
10283,Feraligatr-Mega,FE-RA-LI-GATR-MEGA
10284,Skarmory-Mega,SKAR-mor-ee-MEGA
10285,Froslass-Mega,FRO-SLASS-MEGA
10286,Emboar-Mega,EM-BOAR-MEGA
10287,Excadrill-Mega,EX-CA-DRILL-MEGA
10288,Scolipede-Mega,SCO-LI-PE-DE-MEGA
10289,Scrafty-Mega,SCRA-FTY-MEGA
10290,Eelektross-Mega,EE-LE-KTROSS-MEGA
10291,Chandelure-Mega,shand-uh-LOOR-MEGA
10292,Chesnaught-Mega,CHE-SNAU-GHT-MEGA
10293,Delphox-Mega,DE-LPHOX-MEGA
10294,Greninja-Mega,greh-NIN-juh-MEGA
10295,Pyroar-Mega,PY-ROAR-MEGA
10296,Floette-Mega,FLOE-TTE-MEGA
10297,Malamar-Mega,MA-LA-MAR-MEGA
10298,Barbaracle-Mega,BA-RBA-RA-CLE-MEGA
10299,Dragalge-Mega,DRA-GA-LGE-MEGA
10300,Hawlucha-Mega,HA-WLU-CHA-MEGA
10301,Zygarde-Mega,ZYE-gard-MEGA
10302,Drampa-Mega,DRA-MPA-MEGA
10303,Falinks-Mega,FA-LI-NKS-MEGA
10304,Raichu-Mega-X,RYE-choo-MEGA-X
10305,Raichu-Mega-Y,RYE-choo-MEGA-Y
10306,Chimecho-Mega,CHI-ME-CHO-MEGA
10307,Absol-Mega-Z,AB-sol-MEGA-Z
10308,Staraptor-Mega,STA-RA-PTOR-MEGA
10309,Garchomp-Mega-Z,GAR-chomp-MEGA-Z
10310,Lucario-Mega-Z,loo-KAR-ee-oh-MEGA-Z
10311,Heatran-Mega,HEE-tran-MEGA
10312,Darkrai-Mega,DARK-rye-MEGA
10313,Golurk-Mega,GO-LURK-MEGA
10314,Meowstic-Mega,MEO-WSTIC-MEGA
10315,Crabominable-Mega,CRA-BO-MI-NA-BLE-MEGA
10316,Golisopod-Mega,GO-LI-SO-POD-MEGA
10317,Magearna-Mega,muh-GEER-nuh-MEGA
10318,Magearna-Original-Mega,muh-GEER-nuh-ORIGINAL-MEGA
10319,Zeraora-Mega,zeh-ruh-OR-uh-MEGA
10320,Scovillain-Mega,SCO-VI-LLAIN-MEGA
10321,Glimmora-Mega,GLI-MMO-RA-MEGA
10322,Tatsugiri-Curly-Mega,TA-TSU-GI-RI-CU-RLY-MEGA
10323,Tatsugiri-Droopy-Mega,TA-TSU-GI-RI-DROO-PY-MEGA
10324,Tatsugiri-Stretchy-Mega,TA-TSU-GI-RI-STRE-TCHY-MEGA
10325,Baxcalibur-Mega,BA-XCA-LI-BUR-MEGA
